{
    "onThePage": [
        "originalEventDate",
        "seatNumber",
        "ticketPrice"
    ],
    "normBox": {
        "originalEventDate": [
            [
                0.11050328227571116,
                0.4774305555555556,
                0.8687089715536105,
                0.7395833333333334
            ]
        ],
        "seatNumber": [
            [
                0.11050328227571116,
                0.4774305555555556,
                0.8687089715536105,
                0.7395833333333334
            ]
        ],
        "ticketPrice": [
            [
                0.11050328227571116,
                0.4774305555555556,
                0.8687089715536105,
                0.7395833333333334
            ]
        ]
    }
}