{
    "onThePage": [
        "invoiceNumber",
        "totalAmount",
        "vendorName"
    ],
    "normBox": {
        "invoiceNumber": [
            [
                0.09006211180124224,
                0.13778580024067388,
                0.8385093167701864,
                0.4121540312876053
            ]
        ],
        "totalAmount": [
            [
                0.422360248447205,
                0.5794223826714802,
                0.7701863354037267,
                0.8826714801444043
            ]
        ],
        "vendorName": [
            [
                0.09006211180124224,
                0.13778580024067388,
                0.8385093167701864,
                0.4121540312876053
            ]
        ]
    }
}