{
    "onThePage": [
        "billCountry",
        "calls",
        "documentType",
        "invoiceNumber",
        "originalBillingPeriod",
        "originalDueDate",
        "originalInvoiceDate",
        "originalTotalAmount",
        "totalAmount",
        "vendorName"
    ],
    "normBox": {
        "billCountry": [
            [
                0.012280701754385965,
                0.009650180940892641,
                0.08947368421052632,
                0.08323281061519903
            ]
        ],
        "calls": [
            [
                0.5280701754385965,
                0.009650180940892641,
                0.9912280701754386,
                0.1218335343787696
            ]
        ],
        "documentType": [
            [
                0.015789473684210527,
                0.15440289505428226,
                0.9403508771929825,
                0.22316043425814233
            ]
        ],
        "invoiceNumber": [
            [
                0.5280701754385965,
                0.009650180940892641,
                0.9912280701754386,
                0.1218335343787696
            ]
        ],
        "originalBillingPeriod": [
            [
                0.5280701754385965,
                0.009650180940892641,
                0.9912280701754386,
                0.1218335343787696
            ]
        ],
        "originalDueDate": [
            [
                0.5280701754385965,
                0.009650180940892641,
                0.9912280701754386,
                0.1218335343787696
            ]
        ],
        "originalInvoiceDate": [
            [
                0.5280701754385965,
                0.009650180940892641,
                0.9912280701754386,
                0.1218335343787696
            ]
        ],
        "originalTotalAmount": [
            [
                0.5280701754385965,
                0.009650180940892641,
                0.9912280701754386,
                0.1218335343787696
            ]
        ],
        "totalAmount": [
            [
                0.5280701754385965,
                0.009650180940892641,
                0.9912280701754386,
                0.1218335343787696
            ]
        ],
        "vendorName": [
            [
                0.012280701754385965,
                0.009650180940892641,
                0.08947368421052632,
                0.08323281061519903
            ]
        ]
    }
}